{
  "classic": {
    "l": {
      "wins": 1,
      "last": 1766911212.5411048
    }
  },
  "hardcore": {
    "k": {
      "wins": 1,
      "last": 1766933307.6236734
    }
  }
}