{
  "classic": {
    "l": {
      "wins": 2,
      "last": 1766960154.722564
    }
  },
  "hardcore": {
    "k": {
      "wins": 5,
      "last": 1766981068.8234742
    },
    "l": {
      "wins": 1,
      "last": 1766935014.615136
    }
  }
}