{
  "classic": {
    "l": {
      "wins": 2,
      "last": 1766960154.722564
    }
  },
  "hardcore": {
    "k": {
      "wins": 3,
      "last": 1766948854.8373878
    },
    "l": {
      "wins": 1,
      "last": 1766935014.615136
    }
  }
}