{
  "classic": {
    "l": {
      "wins": 1,
      "last": 1766911212.5411048
    }
  },
  "hardcore": {
    "k": {
      "wins": 2,
      "last": 1766935368.2098594
    },
    "l": {
      "wins": 1,
      "last": 1766935014.615136
    }
  }
}